{"file_hashes":[{"block_hashes":["n6zv64Jv1N0LDWpj2JcBCdUCbSNEoBXA9eu390Xk/sg="],"block_size":4096,"path":"background.html"},{"block_hashes":["ROzsqZj0RjhErq2YEXK5YF1afli5T9aNmLJq8n8GDjE="],"block_size":4096,"path":"icons/icon.png"},{"block_hashes":["aLqqAag+O+NkpZOBChM8Benb8hGO1KtrTllJ8zpTo6s=","p5AAV+4vnVETsTCheaMCTWoSZm8O1mGmQetAhZuTq8k="],"block_size":4096,"path":"icons/icon_bw.png"},{"block_hashes":["eltpUu3Nmn0tC+6w9AYCIzJfTphbZLan2plhUlSsq8c=","dn5WGF/bA4e21rWFj0GMZ0Bt6hT1w/9bk4uLnH/wCek=","pLybU1k5B4qniFad61F7bCcIpt4Sjd/NyFXBHwtAd4U=","3uY/A+QBIGVVejfGnYvOqMJaWKQztsCUlvLSyKJ5mFw=","Kmj+Hpj4tNgH0kB0rZQcmmWAbbH8+/016XkGqT0iYMc="],"block_size":4096,"path":"icons/icon_bw128.png"},{"block_hashes":["VSyjdDEGTUD30puUg3uh9PEJoUOGHjIK6eBlhmfkLFM="],"block_size":4096,"path":"icons/icon_bw16.png"},{"block_hashes":["t0vW4GOqp2HiXF65wzOrGGvWDaIhv8LmCIO65RBZRkQ=","E7C9JA99oGc4I4UR/CaD0QRQgnYRDnPC17V9I+KQt18="],"block_size":4096,"path":"icons/icon_bw48.png"},{"block_hashes":["WGYHf7GiAhOBmOK4uy/tcz47fCtC23hO5j5k/ApqmkA="],"block_size":4096,"path":"inner-sandbox.html"},{"block_hashes":["VaJ044nUlOqd4LVk/hidnTqscBpYOz8Tp3zVVv/dr/0=","5lXf8WiWwP9xJccodLKb/FkIpU1fExLI+U0uzI179DU="],"block_size":4096,"path":"js/background.js"},{"block_hashes":["EPP4n/NtOlnYJLXZGitKmkZEyzXrhb0UlThyNtQOMK8="],"block_size":4096,"path":"js/content.js"},{"block_hashes":["JVlFxqQHzwDGOJjgLkGA/km7DDqlCpc7Zy+kXDPbFS8=","vuIf0vhjGm4fP6ic/KV3wdLg9nF/8QuJoHUiUl/ico8=","cuQsU1EJx9xyqElRcwFgLldbFUuqcfH5WYUDFKsVeRI=","3tspZ7DyYE+OjQvW5Z75pXmupvYCSnV1rRusECLwY5k=","TZC0srcWUHVclQ2SKy3Xa8ja7c9nA8v0oT7wXEe6XtU=","aWGkHc5Tc3Zbrf5K2dCYVsWJbtlgGjVgo6D4qkkbmik=","ANEZNj7Ng3z1g7Aq1W8u+JbpdADKBM7+IpB4ZRUEWuI=","3mefsDSuvrhYqvzb952NIyAnxY6rjgHbObvdfVP4iQ0=","2U+2/JB+d/TsMP4P1Bt3HV3E5LEnxnVubjVqhA2cDxM=","e+ck6Bx/hiBk/iOuSH3xY9hJfJpwSsdLzk7X7hNn/h8=","MOdS+DBvrN3eQ9sEGlafmCng1M3zCb1ySvrFE/Z/lto=","uUNpFGp27kel/2Zq7NNqzA1tVkKZ7M4G8ZrPSt2HbMs=","u5fO4IAKoEaFUM2x3LIa2MwzOz+OO4cSVAOcc4sQ8uM=","SWdbYyJCJ1/JRkg+xRL4PyCAD3iv6FGkxOdue26b1UU=","9gZOQhxd/k2biGynyBFmHI3dWm2CuZm4f6/w8HEm4fM=","fQkuF8BgbBJKEutpLzZ9s7YaG/oNo8Fihruoalrl7QI=","OUC2Id/zGmJfy/7p+KrdBsFCxy5ZMDIUYpt6rKIjueE=","zBUtuXptLTQkpOmo4WsalmIGEMxHrio12d+xgQ3wZtY=","W9yhAmRfL9eJOAI062Qdci5JrCigpnbuLnyCYzoZdec=","v3Ux4ke6PAn5pnnSNqmR0Ng9ueP3Ggib/qsSqA6kbYw=","Ph89T/xu8b3EnYjhAiO5lRKU/vSIeLOPTpsb6oSFBeg=","zO/gKbzsinmzIAQAmvdrXg5ryrTbz1aFc3ogqQaYRB4=","AIGkBoEDGj7OAcuP5IAZd/m++sDV9b15Vjj+Igjo9Jw=","319VX4cjPhRxbQPF2NcU7kL82yIIQLHuoWzTE1eq6cA=","IKrqOGqyTjiCXmd/db1ZYCIVYUXdlM+z7CKEbj/bTEg=","bR92kOW7BCdn1QvB/WNzlJ/QjI0xLAGIdcZ+toHe6ZY=","7hpmUbsG26/ecM67G5f+27rDjA7m7PRXIRv308HUhS8=","4RF8H8De3VU7tO4TScJb//TpZkNc03L/7/rihrp59+4=","FgyccuV3P2+Hap4kNYxyFdRD17tTVHIXXGX5fW6mCWA=","2Fealkh8D8SGpU8UaycdG5d492bOBhwE5Y6tgRZrnPA=","m/3eGEVwF//7G+ZmVXMP1Nzx+F9+9a67RGcvn+sG04A=","lwPbGT8xangjz0IMpk5vum2QA1TDKOKqvp6SPOuJXfo=","XMZV5TdaWEYJx89y2pq9krEepjc2U0lVDsBaqh1WzaI=","JtcQDqLISKaxLY4sdCQizfm6Iz45dAecDm3sEKk7JqU=","YzCSqnyILa4JPevIls+HPL30gCsnDXaoTQiIjDfCg7M=","AHFp4y8bDfXUFQsPltZMCL65q5LwBXN4JVIxlqvguAQ=","YIbt8JtDLtlqSmUoKst6KYUZrZwBxrF1VeA3WlbXRaA=","/npDsntCybyHATX7t/bUA/Wn0y3exgyw5fuwetafjqg=","h+QEBtrHBsotEm2bGnHJKNCfpXoOGPEI4+CgrTF6eUE=","ml412HZCCzLl3d7CiCO1FMEXWWCSkItoG+aWZofc4OE=","eueLfWx1xYH6CsAa64FzkLoPgih/9Qif84/+WaQMqak=","r0X71G1MhfnRKA5MkkZocNTWZnCzu85Nn1mdGMR4Zng=","qrwacbv+5pemgC1V0MwmNTmm2FvD8Q5EZnFrbXf5w5g=","jxFbEvbSyID0+OXu4ueRBR+D5hYYq+4rgeyyNZzWpBg=","SpgAjUUN7GIXAL8X4ud6yjEYhIYm2VnqtWTN0V6PPzY=","hwo8Ta5GWzIImnmNkTB+lqdpy0eYGtPmOyhqGRGmJrI=","2DO2uEUJ44PcvF39lOjTLvXcyqeuP8Ar5zaV0zSL1rY="],"block_size":4096,"path":"js/crypto-js.js"},{"block_hashes":["VpdUER691mT/uBjSuTGRK59CNLSbYZaZQLLLtNWf1rw="],"block_size":4096,"path":"js/events.js"},{"block_hashes":["E8lbWFVynNFEdQCh1bo6TStcmE88K5+xyApuQdctdec="],"block_size":4096,"path":"js/innersandbox.js"},{"block_hashes":["1Njdgrnk5FawzLqCAiGxgKIBN08JNCPe/3f8IBk3z8w=","Zqh+1OGyq0CBllXAB2p6I/yNOhqrOYlAn0HVtBovBjU=","vZ407Rn7omDMUsvri6eddV6568CUC+bExSzCgGVVdHY=","bqRkD+Miw/tUjdVlwv/Z+XfFQOz7uxO4469d4DfC+jg=","sMNGxZzE9+c06ggtEsH0AqEpKfhFyNpTsOfuE5Vh41g=","3Qw7M02DSqGT+QFP7cfYScsRdaSsQT4XNXznOdvbQaM=","XuMtt/axA+RZTPrLspwrB8yw2m7m85Pu8myjQhc8ZjA=","fEPzLdvLBOSx5Viahphq71e23Y8Da/RAanXQ5cqL/tM=","Hf43zV7Py6JVAL3xh7ZYktW8fC8J/VWTgbSELJO74mg=","xMyHoI7y18bTcMq7yBaDHX6j9KKKuftGmH9yvFFpvLo=","mKcNV8PkFEM5XIYK+o0E/7KOf13MD55/6srBuL0fvns=","cIwV/igbNjdFeSA5xsYd4p5zXhK+vYoOOeMyEyn9AIc=","yLeRUx3NQQJBbA9bNVI0U9/755aR/absBPU3ro1ZYDU=","C/tyDuCLkCElvZcGUtb2vvEjvkNDeOuUvZRbH9qGZSs=","lNeV1qBcq/1AhpvTfsMkBO46owSlKhdAm/P0i41brJg=","7N2mBsyyBouLzkr3v0rygijnHJem7AKSxH0r0LevFYI=","tbj7jwhC0sf03iuj+rzD7KTDFOUG8Nv/Jg8O2dGqvJY=","RvNcDYfkgo4jLFibFZLeRqBN95qbHCismxLEyiOQCUs=","8tLKzRri8r+/VY+fRkLECoeRvzNyyevvAF3maYmqO8Y="],"block_size":4096,"path":"js/jsrepository.json"},{"block_hashes":["AwUl8VjxNTyWRckbz6NMPbyOmFlG/eOx/qpf8hL4ric=","7oov0ZyEEdAGfKNcFqnlf2S8U9EiyNXGzUrYcdbg0tQ="],"block_size":4096,"path":"js/popup.js"},{"block_hashes":["pbwVI+CB75hulgSGW93IeIPo3HEWW/5ORykwPwzmoNA=","PQ3h2McVSL7x5Uzlr17pXHa0SDSkfovlujbKh+Pvhmo="],"block_size":4096,"path":"js/retire.js"},{"block_hashes":["XXaqpztrADD570Mkhr+bQabRqzte0MVwA4OJzRk55vo="],"block_size":4096,"path":"js/sandbox.js"},{"block_hashes":["/KLVVgrLjedg68lGef8hAFZyKvgZOHHnUXamGpd6ww8="],"block_size":4096,"path":"js/sha1.js"},{"block_hashes":["D7HeAA61Hy9vzGPeEt75Rw3mgewXO7BqdUm3NJG8UxM="],"block_size":4096,"path":"popup.html"},{"block_hashes":["QAt+jYCr0/p5m4Zv3MZbxPgIBEBBYlCuGXcHYliLOyI="],"block_size":4096,"path":"sandbox.html"}],"version":2}